Accuracy,Precision_R,Recall_R,F1_R,Precision_S,Recall_S,F1_S
0.8097943722943723,0.6767537826685007,0.5125,0.5832839359810315,0.8423711687436848,0.9141081871345029,0.8767747589833479
