Accuracy,Precision_R,Recall_R,F1_R,Precision_S,Recall_S,F1_S
0.7770562770562771,0.5642722117202268,0.621875,0.5916749256689792,0.8623957543593631,0.8315058479532164,0.8466691477484183
