Accuracy,Precision_R,Recall_R,F1_R,Precision_S,Recall_S,F1_S
0.7864583333333334,0.5791190864600326,0.6478102189781022,0.611541774332472,0.8712474983322215,0.8350383631713555,0.8527587332680379
