Accuracy,Precision_R,Recall_R,F1_R,Precision_S,Recall_S,F1_S
0.7616341991341992,0.7969924812030075,0.11041666666666666,0.1939615736505032,0.7603143418467584,0.9901315789473685,0.8601365296078742
