Accuracy,Precision_R,Recall_R,F1_R,Precision_S,Recall_S,F1_S
0.752435064935065,0.8260869565217391,0.059375,0.11078717201166181,0.7510339123242349,0.9956140350877193,0.8561999057048562
