Accuracy,Precision_R,Recall_R,F1_R,Precision_S,Recall_S,F1_S
0.7581168831168831,0.5953757225433526,0.21458333333333332,0.31546707503828486,0.7749253731343284,0.9488304093567251,0.853105488005258
