Accuracy,Precision_R,Recall_R,F1_R,Precision_S,Recall_S,F1_S
0.3143939393939394,0.2690727699530516,0.9552083333333333,0.4198717948717949,0.8506944444444444,0.089546783625731,0.16203703703703703
