Accuracy,Precision_R,Recall_R,F1_R,Precision_S,Recall_S,F1_S
0.798532196969697,0.8106060606060606,0.292616226071103,0.43000669792364365,0.7972831765935214,0.9760153501758875,0.8776419841840403
