Accuracy,Precision_R,Recall_R,F1_R,Precision_S,Recall_S,F1_S
0.7689393939393939,0.6555269922879178,0.2324521422060164,0.34320323014804843,0.7804432855280313,0.9571474256475856,0.8598103993105429
