Accuracy,Precision_R,Recall_R,F1_R,Precision_S,Recall_S,F1_S
0.7959280303030303,0.816711590296496,0.27620783956244305,0.4128065395095368,0.7939268102777057,0.9782539174928047,0.8765042979942693
