Accuracy,Precision_R,Recall_R,F1_R,Precision_S,Recall_S,F1_S
0.740530303030303,1.0,0.0010416666666666667,0.002081165452653486,0.7404600811907984,1.0,0.8508785569895817
