Accuracy,Precision_R,Recall_R,F1_R,Precision_S,Recall_S,F1_S
0.26461038961038963,0.26062091503267976,0.996875,0.41321243523316065,0.875,0.007675438596491228,0.015217391304347827
