Accuracy,Precision_R,Recall_R,F1_R,Precision_S,Recall_S,F1_S
0.33874458874458874,0.2736424649176327,0.934375,0.4233128834355828,0.8492822966507177,0.1297514619883041,0.22511097019657578
