Accuracy,Precision_R,Recall_R,F1_R,Precision_S,Recall_S,F1_S
0.7540584415584416,0.7931034482758621,0.071875,0.1318051575931232,0.7531172069825436,0.993421052631579,0.8567375886524823
