Accuracy,Precision_R,Recall_R,F1_R,Precision_S,Recall_S,F1_S
0.8097943722943723,0.7042925278219396,0.46145833333333336,0.5575833857772183,0.8314313661558527,0.9320175438596491,0.8788557642598656
