Accuracy,Precision_R,Recall_R,F1_R,Precision_S,Recall_S,F1_S
0.5722402597402597,0.35684647302904565,0.80625,0.4947267497603068,0.8781925343811395,0.4901315789473684,0.6291344123856439
