Accuracy,Precision_R,Recall_R,F1_R,Precision_S,Recall_S,F1_S
0.8049242424242424,0.7015177065767285,0.43333333333333335,0.5357372826786864,0.824685787947148,0.9353070175438597,0.8765199520465833
