Accuracy,Precision_R,Recall_R,F1_R,Precision_S,Recall_S,F1_S
0.7118506493506493,0.4628975265017668,0.6822916666666666,0.5515789473684211,0.866286716352477,0.7222222222222222,0.7877217460633845
