Accuracy,Precision_R,Recall_R,F1_R,Precision_S,Recall_S,F1_S
0.8087121212121212,0.8268733850129198,0.3333333333333333,0.47512991833704527,0.8065880930794802,0.9755116959064327,0.8830438378825476
