Accuracy,Metric,n_neighbors,Weights,Precision_R,Recall_R,F1_R,Precision_S,Recall_S,F1_S
0.7115800865800865,manhattan,3,distance,0.40515933232169954,0.28374070138150903,0.33375,0.7780704642739545,0.8577132486388385,0.8159530386740331
