Accuracy,Precision_R,Recall_R,F1_R,Precision_S,Recall_S,F1_S
0.7521645021645021,0.6195652173913043,0.11875,0.1993006993006993,0.7591116173120729,0.9744152046783626,0.853393085787452
