Accuracy,Precision_R,Recall_R,F1_R,Precision_S,Recall_S,F1_S
0.7462121212121212,0.84375,0.028125,0.05443548387096774,0.7453602620087336,0.998172514619883,0.8534375
