Accuracy,Precision_R,Recall_R,F1_R,Precision_S,Recall_S,F1_S
0.622564935064935,0.36983842010771995,0.64375,0.4697833523375142,0.8311111111111111,0.6151315789473685,0.7069943289224953
