Accuracy,Precision_R,Recall_R,F1_R,Precision_S,Recall_S,F1_S
0.5892857142857143,0.36688931297709926,0.8010416666666667,0.5032722513089005,0.880625,0.514985380116959,0.6499077490774908
