Accuracy,Precision_R,Recall_R,F1_R,Precision_S,Recall_S,F1_S
0.8252164502164502,0.8326271186440678,0.409375,0.5488826815642458,0.8241315136476427,0.971125730994152,0.8916107382550336
