Accuracy,Precision_R,Recall_R,F1_R,Precision_S,Recall_S,F1_S
0.7140151515151515,0.4664823773324119,0.703125,0.5608641462401329,0.8732770120053357,0.7178362573099415,0.7879638916750251
