Accuracy,Precision_R,Recall_R,F1_R,Precision_S,Recall_S,F1_S
0.7721861471861472,0.5551401869158878,0.61875,0.5852216748768473,0.8606245239908606,0.8260233918128655,0.8429690414024618
